
<!-- after updating, update cvs on opensymphony server, then hit: http://www.opensymphony.com/clearProjectCache.jsp -->
<project>
    <name>Quartz</name>
    <jiraId>10060</jiraId>
    <jiraName>QUARTZ</jiraName>
    <confluenceName>QRTZ1</confluenceName>
    <svn>true</svn>
    
    <forums>
        <usersId>6</usersId>
        <devId>11</devId>
        <cvsId>10</cvsId>
    </forums>

    <evaluating>
        <item>
            <name>Features</name>
            <url>/quartz/wikidocs/Features.html</url>
        </item>
        <item>
            <name>Tutorial</name>
            <url>/quartz/wikidocs/Tutorial.html</url>
        </item>
    </evaluating>

    <docs>
        <url>/quartz/wikidocs/Documentation.html</url>
        <items>
            <item>
                <name>FAQ</name>
                <url>wikidocs/FAQ.html</url>
            </item>
        </items>
    </docs>

    <license>apache</license>
    
    <owners>
        <person>
            <name>James House</name>
            <email></email>
	        <role>Founder, Primary Developer</role>
        </person>
    </owners>

    <developers>
        <person>
            <name>Aaron Craven</name>
            <email></email>
	        <role>Developer</role>
        </person>
        <person>
            <name>Jasper Rosenberg</name>
            <email></email>
	        <role>Developer</role>
        </person>
        <person>
            <name>Henri Yandell</name>
            <email></email>
	        <role>Developer</role>
        </person>
    </developers>

    <releases>
        <release>
  	    <version>1.6.1 - RC3 (release candidate)</version>
	    <date>8/24/2008</date>
            <jiraId>21680</jiraId>
            <downloads>
                <download>
                    <url>https://quartz.dev.java.net/files/documents/1267/108776/quartz-1.6.1-RC3.zip</url>
                    <name>1.6.1-RC3 Full Distribution</name>
                </download>
            </downloads>
        </release>
        <release>
  	    <version>1.6.0 (latest stable release)</version>
	    <date>11/6/2006</date>
            <jiraId>21540</jiraId>
            <downloads>
                <download>
                    <url>https://quartz.dev.java.net/files/documents/1267/43545/quartz-1.6.0.zip</url>
                    <name>1.6.0 Full Distribution</name>
                </download>
            </downloads>
        </release>
        <release>
  	    <version>1.5.2 (previous stable release)</version>
	    <date>3/3/2006</date>
            <jiraId>21580</jiraId>
            <downloads>
                <download>
                    <url>https://quartz.dev.java.net/files/documents/1267/30161/quartz-1.5.2.zip</url>
                    <name>1.5.2 Full Distribution</name>
                </download>
            </downloads>
        </release>
        <release>
  	    <version>1.5.1</version>
	    <date>10/9/2005</date>
            <jiraId>21551</jiraId>
            <downloads>
                <download>
                    <url>https://quartz.dev.java.net/files/documents/1267/22131/quartz-1.5.1.zip</url>
                    <name>1.5.1 Full Distribution</name>
                </download>
            </downloads>
        </release>
        <release>
  	    <version>1.5.0</version>
	    <date>8/27/2005</date>
            <jiraId>21361</jiraId>
            <downloads>
                <download>
                    <url>https://quartz.dev.java.net/files/documents/1267/21242/quartz-1.5.0.zip</url>
                    <name>1.5.0 Full Distribution</name>
                </download>
            </downloads>
        </release>
        <release>
  	    <version>1.4.5</version>
	    <date>3/13/2005</date>
            <jiraId>21460</jiraId>
            <downloads>
                <download>
                    <url>https://quartz.dev.java.net/files/documents/1267/12127/quartz-1.4.5.zip</url>
                    <name>1.4.5 Full Distribution</name>
                </download>
            </downloads>
        </release>
        <release>
  	    <version>1.4.4</version>
	    <date>2/12/2005</date>
            <jiraId>21440</jiraId>
            <downloads>
                <download>
                    <url>https://quartz.dev.java.net/files/documents/1267/11403/quartz-1.4.4.zip</url>
                    <name>1.4.4 Full Distribution</name>
                </download>
            </downloads>
        </release>
        <release>
  	    <version>1.4.3</version>
	    <date>12/22/2004</date>
            <jiraId>21422</jiraId>
            <downloads>
                <download>
                    <url>https://quartz.dev.java.net/files/documents/1267/9961/quartz-1.4.3.zip</url>
                    <name>1.4.3 Full Distribution</name>
                </download>
            </downloads>
        </release>
        <release>
  	    <version>Historical Releases</version>
	    <date>2001-2005</date>
            <jiraId/>
            <downloads>
                <download>
                    <url>http://prdownloads.sourceforge.net/quartz/?sort_by=date&amp;sort=desc</url>
                    <name>Historical Distributions</name>
                </download>
            </downloads>
        </release>
    </releases>

</project>
